origen,tipo_lavado,precio_250g,precio_500g,precio_1000g
Colombia,Lavado,5.0,5.0,50.0
Etiopía,Natural,18.0,33.0,0.72
Brasil,Honey,,26.4,1.32
Costa Rica,Natural,6.2,34.1,62.0
Kenia,Lavado,17.1,31.0,0.684
Perú,Lavado,5.800000000000001,5.800000000000001,58.0
Honduras,Natural,17.7,5.8999999999999995,59.0
México,Honey,15.3,27.0,0.612
Nicaragua,Lavado,5.4,5.4,54.0
,,11.312500000000002,19.288888888888888,31.81511111111111
